book_id,date,header_file,body_file,state
1,2025-10-05 19:19:46,datalake/20251005/19/1.header.txt,datalake/20251005/19/1.body.txt,OK
2,2025-10-05 19:19:50,datalake/20251005/19/2.header.txt,datalake/20251005/19/2.body.txt,OK
3,2025-10-05 19:19:54,datalake/20251005/19/3.header.txt,datalake/20251005/19/3.body.txt,OK
4,2025-10-05 19:19:58,datalake/20251005/19/4.header.txt,datalake/20251005/19/4.body.txt,OK
5,2025-10-05 19:20:00,datalake/20251005/19/5.header.txt,datalake/20251005/19/5.body.txt,OK
6,2025-10-05 19:20:04,datalake/20251005/19/6.header.txt,datalake/20251005/19/6.body.txt,OK
7,2025-10-05 19:20:08,datalake/20251005/19/7.header.txt,datalake/20251005/19/7.body.txt,OK
8,2025-10-05 19:20:12,datalake/20251005/19/8.header.txt,datalake/20251005/19/8.body.txt,OK
9,2025-10-05 19:20:15,datalake/20251005/19/9.header.txt,datalake/20251005/19/9.body.txt,OK
10,2025-10-05 19:20:20,datalake/20251005/19/10.header.txt,datalake/20251005/19/10.body.txt,OK
11,2025-10-05 19:20:22,datalake/20251005/19/11.header.txt,datalake/20251005/19/11.body.txt,OK
12,2025-10-05 19:20:24,datalake/20251005/19/12.header.txt,datalake/20251005/19/12.body.txt,OK
13,2025-10-05 19:20:28,datalake/20251005/19/13.header.txt,datalake/20251005/19/13.body.txt,OK
14,2025-10-05 19:20:31,datalake/20251005/19/14.header.txt,datalake/20251005/19/14.body.txt,OK
15,2025-10-05 19:20:35,datalake/20251005/19/15.header.txt,datalake/20251005/19/15.body.txt,OK
16,2025-10-05 19:20:39,datalake/20251005/19/16.header.txt,datalake/20251005/19/16.body.txt,OK
17,2025-10-05 19:20:43,datalake/20251005/19/17.header.txt,datalake/20251005/19/17.body.txt,OK
18,2025-10-05 19:20:47,datalake/20251005/19/18.header.txt,datalake/20251005/19/18.body.txt,OK
19,2025-10-05 19:20:50,datalake/20251005/19/19.header.txt,datalake/20251005/19/19.body.txt,OK
20,2025-10-05 19:20:55,datalake/20251005/19/20.header.txt,datalake/20251005/19/20.body.txt,OK
21,2025-10-05 19:20:58,datalake/20251005/19/21.header.txt,datalake/20251005/19/21.body.txt,OK
22,2025-10-05 19:21:02,datalake/20251005/19/22.header.txt,datalake/20251005/19/22.body.txt,OK
23,2025-10-05 19:21:05,datalake/20251005/19/23.header.txt,datalake/20251005/19/23.body.txt,OK
24,2025-10-05 19:21:09,datalake/20251005/19/24.header.txt,datalake/20251005/19/24.body.txt,OK
25,2025-10-05 19:21:13,datalake/20251005/19/25.header.txt,datalake/20251005/19/25.body.txt,OK
26,2025-10-05 19:21:17,datalake/20251005/19/26.header.txt,datalake/20251005/19/26.body.txt,OK
27,2025-10-05 19:21:20,datalake/20251005/19/27.header.txt,datalake/20251005/19/27.body.txt,OK
28,2025-10-05 19:21:22,datalake/20251005/19/28.header.txt,datalake/20251005/19/28.body.txt,OK
29,2025-10-05 19:21:25,datalake/20251005/19/29.header.txt,datalake/20251005/19/29.body.txt,OK
30,2025-10-05 19:21:30,datalake/20251005/19/30.header.txt,datalake/20251005/19/30.body.txt,OK
31,2025-10-05 19:21:34,datalake/20251005/19/31.header.txt,datalake/20251005/19/31.body.txt,OK
32,2025-10-05 19:21:39,datalake/20251005/19/32.header.txt,datalake/20251005/19/32.body.txt,OK
33,2025-10-05 19:21:43,datalake/20251005/19/33.header.txt,datalake/20251005/19/33.body.txt,OK
34,2025-10-05 19:21:45,datalake/20251005/19/34.header.txt,datalake/20251005/19/34.body.txt,OK
35,2025-10-05 19:21:49,datalake/20251005/19/35.header.txt,datalake/20251005/19/35.body.txt,OK
36,2025-10-05 19:21:53,datalake/20251005/19/36.header.txt,datalake/20251005/19/36.body.txt,OK
37,2025-10-05 19:21:57,datalake/20251005/19/37.header.txt,datalake/20251005/19/37.body.txt,OK
38,2025-10-05 19:22:00,datalake/20251005/19/38.header.txt,datalake/20251005/19/38.body.txt,OK
39,2025-10-05 19:22:05,datalake/20251005/19/39.header.txt,datalake/20251005/19/39.body.txt,OK
40,2025-10-05 19:22:08,-,-,FAILED
41,2025-10-05 19:22:11,datalake/20251005/19/41.header.txt,datalake/20251005/19/41.body.txt,OK
42,2025-10-05 19:22:14,datalake/20251005/19/42.header.txt,datalake/20251005/19/42.body.txt,OK
43,2025-10-05 19:22:17,datalake/20251005/19/43.header.txt,datalake/20251005/19/43.body.txt,OK
44,2025-10-05 19:22:21,datalake/20251005/19/44.header.txt,datalake/20251005/19/44.body.txt,OK
45,2025-10-05 19:22:25,datalake/20251005/19/45.header.txt,datalake/20251005/19/45.body.txt,OK
46,2025-10-05 19:22:27,datalake/20251005/19/46.header.txt,datalake/20251005/19/46.body.txt,OK
47,2025-10-05 19:22:30,datalake/20251005/19/47.header.txt,datalake/20251005/19/47.body.txt,OK
48,2025-10-05 19:22:34,datalake/20251005/19/48.header.txt,datalake/20251005/19/48.body.txt,OK
49,2025-10-05 19:22:37,datalake/20251005/19/49.header.txt,datalake/20251005/19/49.body.txt,OK
50,2025-10-05 19:22:41,-,-,FAILED
51,2025-10-05 19:22:45,datalake/20251005/19/51.header.txt,datalake/20251005/19/51.body.txt,OK
52,2025-10-05 19:22:47,-,-,FAILED
53,2025-10-05 19:22:50,datalake/20251005/19/53.header.txt,datalake/20251005/19/53.body.txt,OK
54,2025-10-05 19:22:54,datalake/20251005/19/54.header.txt,datalake/20251005/19/54.body.txt,OK
55,2025-10-05 19:22:57,datalake/20251005/19/55.header.txt,datalake/20251005/19/55.body.txt,OK
56,2025-10-05 19:23:00,datalake/20251005/19/56.header.txt,datalake/20251005/19/56.body.txt,OK
57,2025-10-05 19:23:04,datalake/20251005/19/57.header.txt,datalake/20251005/19/57.body.txt,OK
58,2025-10-05 19:23:08,datalake/20251005/19/58.header.txt,datalake/20251005/19/58.body.txt,OK
59,2025-10-05 19:23:11,datalake/20251005/19/59.header.txt,datalake/20251005/19/59.body.txt,OK
60,2025-10-05 19:23:14,datalake/20251005/19/60.header.txt,datalake/20251005/19/60.body.txt,OK
61,2025-10-05 19:23:17,datalake/20251005/19/61.header.txt,datalake/20251005/19/61.body.txt,OK
62,2025-10-05 19:23:20,datalake/20251005/19/62.header.txt,datalake/20251005/19/62.body.txt,OK
63,2025-10-05 19:23:23,datalake/20251005/19/63.header.txt,datalake/20251005/19/63.body.txt,OK
64,2025-10-05 19:23:27,datalake/20251005/19/64.header.txt,datalake/20251005/19/64.body.txt,OK
65,2025-10-05 19:23:31,-,-,FAILED
66,2025-10-05 19:23:35,datalake/20251005/19/66.header.txt,datalake/20251005/19/66.body.txt,OK
67,2025-10-05 19:23:39,datalake/20251005/19/67.header.txt,datalake/20251005/19/67.body.txt,OK
68,2025-10-05 19:23:43,datalake/20251005/19/68.header.txt,datalake/20251005/19/68.body.txt,OK
69,2025-10-05 19:23:47,datalake/20251005/19/69.header.txt,datalake/20251005/19/69.body.txt,OK
70,2025-10-05 19:23:50,datalake/20251005/19/70.header.txt,datalake/20251005/19/70.body.txt,OK
71,2025-10-05 19:23:55,datalake/20251005/19/71.header.txt,datalake/20251005/19/71.body.txt,OK
72,2025-10-05 19:23:58,datalake/20251005/19/72.header.txt,datalake/20251005/19/72.body.txt,OK
73,2025-10-05 19:24:01,datalake/20251005/19/73.header.txt,datalake/20251005/19/73.body.txt,OK
74,2025-10-05 19:24:04,datalake/20251005/19/74.header.txt,datalake/20251005/19/74.body.txt,OK
75,2025-10-05 19:24:07,datalake/20251005/19/75.header.txt,datalake/20251005/19/75.body.txt,OK
76,2025-10-05 19:24:10,datalake/20251005/19/76.header.txt,datalake/20251005/19/76.body.txt,OK
77,2025-10-05 19:24:14,datalake/20251005/19/77.header.txt,datalake/20251005/19/77.body.txt,OK
78,2025-10-05 19:24:19,datalake/20251005/19/78.header.txt,datalake/20251005/19/78.body.txt,OK
79,2025-10-05 19:24:23,datalake/20251005/19/79.header.txt,datalake/20251005/19/79.body.txt,OK
80,2025-10-05 19:24:28,datalake/20251005/19/80.header.txt,datalake/20251005/19/80.body.txt,OK
81,2025-10-05 19:24:31,datalake/20251005/19/81.header.txt,datalake/20251005/19/81.body.txt,OK
82,2025-10-05 19:24:35,datalake/20251005/19/82.header.txt,datalake/20251005/19/82.body.txt,OK
83,2025-10-05 19:24:39,datalake/20251005/19/83.header.txt,datalake/20251005/19/83.body.txt,OK
84,2025-10-05 19:24:43,datalake/20251005/19/84.header.txt,datalake/20251005/19/84.body.txt,OK
85,2025-10-05 19:24:46,datalake/20251005/19/85.header.txt,datalake/20251005/19/85.body.txt,OK
86,2025-10-05 19:24:51,datalake/20251005/19/86.header.txt,datalake/20251005/19/86.body.txt,OK
87,2025-10-05 19:24:55,datalake/20251005/19/87.header.txt,datalake/20251005/19/87.body.txt,OK
88,2025-10-05 19:25:20,datalake/20251005/19/88.header.txt,datalake/20251005/19/88.body.txt,OK
89,2025-10-05 19:25:24,datalake/20251005/19/89.header.txt,datalake/20251005/19/89.body.txt,OK
90,2025-10-05 19:25:27,datalake/20251005/19/90.header.txt,datalake/20251005/19/90.body.txt,OK
91,2025-10-05 19:25:31,datalake/20251005/19/91.header.txt,datalake/20251005/19/91.body.txt,OK
92,2025-10-05 19:25:35,datalake/20251005/19/92.header.txt,datalake/20251005/19/92.body.txt,OK
93,2025-10-05 19:25:38,datalake/20251005/19/93.header.txt,datalake/20251005/19/93.body.txt,OK
94,2025-10-05 19:25:41,datalake/20251005/19/94.header.txt,datalake/20251005/19/94.body.txt,OK
95,2025-10-05 19:25:44,datalake/20251005/19/95.header.txt,datalake/20251005/19/95.body.txt,OK
96,2025-10-05 19:25:48,datalake/20251005/19/96.header.txt,datalake/20251005/19/96.body.txt,OK
97,2025-10-05 19:25:52,datalake/20251005/19/97.header.txt,datalake/20251005/19/97.body.txt,OK
98,2025-10-05 19:25:56,datalake/20251005/19/98.header.txt,datalake/20251005/19/98.body.txt,OK
99,2025-10-05 19:25:59,datalake/20251005/19/99.header.txt,datalake/20251005/19/99.body.txt,OK
100,2025-10-05 19:26:03,datalake/20251005/19/100.header.txt,datalake/20251005/19/100.body.txt,OK
101,2025-10-05 19:26:06,datalake/20251005/19/101.header.txt,datalake/20251005/19/101.body.txt,OK
102,2025-10-05 19:26:11,datalake/20251005/19/102.header.txt,datalake/20251005/19/102.body.txt,OK
103,2025-10-05 19:26:13,datalake/20251005/19/103.header.txt,datalake/20251005/19/103.body.txt,OK
104,2025-10-05 19:26:16,datalake/20251005/19/104.header.txt,datalake/20251005/19/104.body.txt,OK
105,2025-10-05 19:26:19,datalake/20251005/19/105.header.txt,datalake/20251005/19/105.body.txt,OK
106,2025-10-05 19:26:22,datalake/20251005/19/106.header.txt,datalake/20251005/19/106.body.txt,OK
107,2025-10-05 19:26:27,datalake/20251005/19/107.header.txt,datalake/20251005/19/107.body.txt,OK
108,2025-10-05 19:26:30,datalake/20251005/19/108.header.txt,datalake/20251005/19/108.body.txt,OK
109,2025-10-05 19:26:33,datalake/20251005/19/109.header.txt,datalake/20251005/19/109.body.txt,OK
110,2025-10-05 19:26:38,datalake/20251005/19/110.header.txt,datalake/20251005/19/110.body.txt,OK
111,2025-10-05 19:26:42,datalake/20251005/19/111.header.txt,datalake/20251005/19/111.body.txt,OK
112,2025-10-05 19:26:45,datalake/20251005/19/112.header.txt,datalake/20251005/19/112.body.txt,OK
113,2025-10-05 19:26:48,datalake/20251005/19/113.header.txt,datalake/20251005/19/113.body.txt,OK
114,2025-10-05 19:26:51,-,-,FAILED
115,2025-10-05 19:26:55,datalake/20251005/19/115.header.txt,datalake/20251005/19/115.body.txt,OK
116,2025-10-05 19:26:58,-,-,FAILED
117,2025-10-05 19:27:02,datalake/20251005/19/117.header.txt,datalake/20251005/19/117.body.txt,OK
118,2025-10-05 19:27:06,datalake/20251005/19/118.header.txt,datalake/20251005/19/118.body.txt,OK
119,2025-10-05 19:27:09,datalake/20251005/19/119.header.txt,datalake/20251005/19/119.body.txt,OK
120,2025-10-05 19:27:14,datalake/20251005/19/120.header.txt,datalake/20251005/19/120.body.txt,OK
121,2025-10-05 19:27:16,datalake/20251005/19/121.header.txt,datalake/20251005/19/121.body.txt,OK
122,2025-10-05 19:27:20,datalake/20251005/19/122.header.txt,datalake/20251005/19/122.body.txt,OK
123,2025-10-05 19:27:23,datalake/20251005/19/123.header.txt,datalake/20251005/19/123.body.txt,OK
124,2025-10-05 19:27:27,datalake/20251005/19/124.header.txt,datalake/20251005/19/124.body.txt,OK
125,2025-10-05 19:27:31,datalake/20251005/19/125.header.txt,datalake/20251005/19/125.body.txt,OK
126,2025-10-05 19:27:34,datalake/20251005/19/126.header.txt,datalake/20251005/19/126.body.txt,OK
127,2025-10-05 19:27:38,-,-,FAILED
128,2025-10-05 19:27:42,datalake/20251005/19/128.header.txt,datalake/20251005/19/128.body.txt,OK
129,2025-10-05 19:27:44,-,-,FAILED
130,2025-10-05 19:27:48,datalake/20251005/19/130.header.txt,datalake/20251005/19/130.body.txt,OK
131,2025-10-05 19:27:52,datalake/20251005/19/131.header.txt,datalake/20251005/19/131.body.txt,OK
132,2025-10-05 19:27:55,datalake/20251005/19/132.header.txt,datalake/20251005/19/132.body.txt,OK
133,2025-10-05 19:27:58,datalake/20251005/19/133.header.txt,datalake/20251005/19/133.body.txt,OK
134,2025-10-05 19:28:02,datalake/20251005/19/134.header.txt,datalake/20251005/19/134.body.txt,OK
135,2025-10-05 19:28:07,datalake/20251005/19/135.header.txt,datalake/20251005/19/135.body.txt,OK
136,2025-10-05 19:28:10,datalake/20251005/19/136.header.txt,datalake/20251005/19/136.body.txt,OK
137,2025-10-05 19:28:13,datalake/20251005/19/137.header.txt,datalake/20251005/19/137.body.txt,OK
138,2025-10-05 19:28:16,datalake/20251005/19/138.header.txt,datalake/20251005/19/138.body.txt,OK
139,2025-10-05 19:28:19,datalake/20251005/19/139.header.txt,datalake/20251005/19/139.body.txt,OK
140,2025-10-05 19:28:22,datalake/20251005/19/140.header.txt,datalake/20251005/19/140.body.txt,OK
141,2025-10-05 19:28:26,datalake/20251005/19/141.header.txt,datalake/20251005/19/141.body.txt,OK
142,2025-10-05 19:28:29,datalake/20251005/19/142.header.txt,datalake/20251005/19/142.body.txt,OK
143,2025-10-05 19:28:33,datalake/20251005/19/143.header.txt,datalake/20251005/19/143.body.txt,OK
144,2025-10-05 19:28:36,datalake/20251005/19/144.header.txt,datalake/20251005/19/144.body.txt,OK
145,2025-10-05 19:28:39,datalake/20251005/19/145.header.txt,datalake/20251005/19/145.body.txt,OK
146,2025-10-05 19:28:43,datalake/20251005/19/146.header.txt,datalake/20251005/19/146.body.txt,OK
147,2025-10-05 19:28:46,datalake/20251005/19/147.header.txt,datalake/20251005/19/147.body.txt,OK
148,2025-10-05 19:28:50,datalake/20251005/19/148.header.txt,datalake/20251005/19/148.body.txt,OK
149,2025-10-05 19:28:53,datalake/20251005/19/149.header.txt,datalake/20251005/19/149.body.txt,OK
150,2025-10-05 19:28:56,datalake/20251005/19/150.header.txt,datalake/20251005/19/150.body.txt,OK
151,2025-10-05 19:29:00,datalake/20251005/19/151.header.txt,datalake/20251005/19/151.body.txt,OK
152,2025-10-05 19:29:03,datalake/20251005/19/152.header.txt,datalake/20251005/19/152.body.txt,OK
153,2025-10-05 19:29:07,datalake/20251005/19/153.header.txt,datalake/20251005/19/153.body.txt,OK
154,2025-10-05 19:29:10,datalake/20251005/19/154.header.txt,datalake/20251005/19/154.body.txt,OK
155,2025-10-05 19:29:14,datalake/20251005/19/155.header.txt,datalake/20251005/19/155.body.txt,OK
156,2025-10-05 19:29:18,datalake/20251005/19/156.header.txt,datalake/20251005/19/156.body.txt,OK
157,2025-10-05 19:29:21,datalake/20251005/19/157.header.txt,datalake/20251005/19/157.body.txt,OK
158,2025-10-05 19:29:25,datalake/20251005/19/158.header.txt,datalake/20251005/19/158.body.txt,OK
159,2025-10-05 19:29:29,datalake/20251005/19/159.header.txt,datalake/20251005/19/159.body.txt,OK
160,2025-10-05 19:29:32,datalake/20251005/19/160.header.txt,datalake/20251005/19/160.body.txt,OK
161,2025-10-05 19:29:35,datalake/20251005/19/161.header.txt,datalake/20251005/19/161.body.txt,OK
162,2025-10-05 19:29:38,datalake/20251005/19/162.header.txt,datalake/20251005/19/162.body.txt,OK
163,2025-10-05 19:29:41,datalake/20251005/19/163.header.txt,datalake/20251005/19/163.body.txt,OK
164,2025-10-05 19:29:44,datalake/20251005/19/164.header.txt,datalake/20251005/19/164.body.txt,OK
165,2025-10-05 19:29:49,datalake/20251005/19/165.header.txt,datalake/20251005/19/165.body.txt,OK
166,2025-10-05 19:29:53,datalake/20251005/19/166.header.txt,datalake/20251005/19/166.body.txt,OK
167,2025-10-05 19:29:56,datalake/20251005/19/167.header.txt,datalake/20251005/19/167.body.txt,OK
168,2025-10-05 19:29:59,datalake/20251005/19/168.header.txt,datalake/20251005/19/168.body.txt,OK
169,2025-10-05 19:30:02,datalake/20251005/19/169.header.txt,datalake/20251005/19/169.body.txt,OK
170,2025-10-05 19:30:06,datalake/20251005/19/170.header.txt,datalake/20251005/19/170.body.txt,OK
171,2025-10-05 19:30:10,datalake/20251005/19/171.header.txt,datalake/20251005/19/171.body.txt,OK
172,2025-10-05 19:30:13,datalake/20251005/19/172.header.txt,datalake/20251005/19/172.body.txt,OK
173,2025-10-05 19:30:17,datalake/20251005/19/173.header.txt,datalake/20251005/19/173.body.txt,OK
174,2025-10-05 19:30:21,datalake/20251005/19/174.header.txt,datalake/20251005/19/174.body.txt,OK
175,2025-10-05 19:30:25,datalake/20251005/19/175.header.txt,datalake/20251005/19/175.body.txt,OK
176,2025-10-05 19:30:30,datalake/20251005/19/176.header.txt,datalake/20251005/19/176.body.txt,OK
177,2025-10-05 19:30:32,datalake/20251005/19/177.header.txt,datalake/20251005/19/177.body.txt,OK
178,2025-10-05 19:30:37,datalake/20251005/19/178.header.txt,datalake/20251005/19/178.body.txt,OK
179,2025-10-05 19:30:41,datalake/20251005/19/179.header.txt,datalake/20251005/19/179.body.txt,OK
180,2025-10-05 19:30:45,datalake/20251005/19/180.header.txt,datalake/20251005/19/180.body.txt,OK
181,2025-10-05 19:30:49,datalake/20251005/19/181.header.txt,datalake/20251005/19/181.body.txt,OK
182,2025-10-05 19:30:51,-,-,FAILED
183,2025-10-05 19:30:54,-,-,FAILED
184,2025-10-05 19:30:57,-,-,FAILED
185,2025-10-05 19:30:59,-,-,FAILED
186,2025-10-05 19:31:02,-,-,FAILED
187,2025-10-05 19:31:04,-,-,FAILED
188,2025-10-05 19:31:06,-,-,FAILED
189,2025-10-05 19:31:10,-,-,FAILED
190,2025-10-05 19:31:13,-,-,FAILED
191,2025-10-05 19:31:16,-,-,FAILED
192,2025-10-05 19:31:18,-,-,FAILED
193,2025-10-05 19:31:22,-,-,FAILED
194,2025-10-05 19:31:26,-,-,FAILED
195,2025-10-05 19:31:28,-,-,FAILED
196,2025-10-05 19:31:32,-,-,FAILED
197,2025-10-05 19:31:35,-,-,FAILED
198,2025-10-05 19:31:39,-,-,FAILED
199,2025-10-05 19:31:41,-,-,FAILED
200,2025-10-05 19:31:45,datalake/20251005/19/200.header.txt,datalake/20251005/19/200.body.txt,OK
201,2025-10-05 19:31:48,datalake/20251005/19/201.header.txt,datalake/20251005/19/201.body.txt,OK
202,2025-10-05 19:31:52,datalake/20251005/19/202.header.txt,datalake/20251005/19/202.body.txt,OK
203,2025-10-05 19:31:56,datalake/20251005/19/203.header.txt,datalake/20251005/19/203.body.txt,OK
204,2025-10-05 19:32:01,datalake/20251005/19/204.header.txt,datalake/20251005/19/204.body.txt,OK
205,2025-10-05 19:32:05,datalake/20251005/19/205.header.txt,datalake/20251005/19/205.body.txt,OK
206,2025-10-05 19:32:09,datalake/20251005/19/206.header.txt,datalake/20251005/19/206.body.txt,OK
207,2025-10-05 19:32:11,datalake/20251005/19/207.header.txt,datalake/20251005/19/207.body.txt,OK
208,2025-10-05 19:32:15,datalake/20251005/19/208.header.txt,datalake/20251005/19/208.body.txt,OK
209,2025-10-05 19:32:18,datalake/20251005/19/209.header.txt,datalake/20251005/19/209.body.txt,OK
210,2025-10-05 19:32:21,datalake/20251005/19/210.header.txt,datalake/20251005/19/210.body.txt,OK
211,2025-10-05 19:32:26,datalake/20251005/19/211.header.txt,datalake/20251005/19/211.body.txt,OK
212,2025-10-05 19:32:29,datalake/20251005/19/212.header.txt,datalake/20251005/19/212.body.txt,OK
213,2025-10-05 19:32:33,datalake/20251005/19/213.header.txt,datalake/20251005/19/213.body.txt,OK
214,2025-10-05 19:32:36,datalake/20251005/19/214.header.txt,datalake/20251005/19/214.body.txt,OK
215,2025-10-05 19:32:40,datalake/20251005/19/215.header.txt,datalake/20251005/19/215.body.txt,OK
216,2025-10-05 19:32:44,datalake/20251005/19/216.header.txt,datalake/20251005/19/216.body.txt,OK
217,2025-10-05 19:32:49,datalake/20251005/19/217.header.txt,datalake/20251005/19/217.body.txt,OK
218,2025-10-05 19:32:52,datalake/20251005/19/218.header.txt,datalake/20251005/19/218.body.txt,OK
219,2025-10-05 19:32:56,datalake/20251005/19/219.header.txt,datalake/20251005/19/219.body.txt,OK
220,2025-10-05 19:32:59,datalake/20251005/19/220.header.txt,datalake/20251005/19/220.body.txt,OK
221,2025-10-05 19:33:03,datalake/20251005/19/221.header.txt,datalake/20251005/19/221.body.txt,OK
222,2025-10-05 19:33:05,datalake/20251005/19/222.header.txt,datalake/20251005/19/222.body.txt,OK
223,2025-10-05 19:33:08,datalake/20251005/19/223.header.txt,datalake/20251005/19/223.body.txt,OK
224,2025-10-05 19:33:11,datalake/20251005/19/224.header.txt,datalake/20251005/19/224.body.txt,OK
225,2025-10-05 19:33:15,datalake/20251005/19/225.header.txt,datalake/20251005/19/225.body.txt,OK
226,2025-10-05 19:33:18,datalake/20251005/19/226.header.txt,datalake/20251005/19/226.body.txt,OK
227,2025-10-05 19:33:21,datalake/20251005/19/227.header.txt,datalake/20251005/19/227.body.txt,OK
228,2025-10-05 19:33:25,datalake/20251005/19/228.header.txt,datalake/20251005/19/228.body.txt,OK
229,2025-10-05 19:33:28,datalake/20251005/19/229.header.txt,datalake/20251005/19/229.body.txt,OK
230,2025-10-05 19:33:31,datalake/20251005/19/230.header.txt,datalake/20251005/19/230.body.txt,OK
231,2025-10-05 19:33:34,datalake/20251005/19/231.header.txt,datalake/20251005/19/231.body.txt,OK
232,2025-10-05 19:33:38,datalake/20251005/19/232.header.txt,datalake/20251005/19/232.body.txt,OK
233,2025-10-05 19:33:41,datalake/20251005/19/233.header.txt,datalake/20251005/19/233.body.txt,OK
234,2025-10-05 19:33:45,datalake/20251005/19/234.header.txt,datalake/20251005/19/234.body.txt,OK
235,2025-10-05 19:33:49,datalake/20251005/19/235.header.txt,datalake/20251005/19/235.body.txt,OK
236,2025-10-05 19:33:53,datalake/20251005/19/236.header.txt,datalake/20251005/19/236.body.txt,OK
237,2025-10-05 19:33:55,datalake/20251005/19/237.header.txt,datalake/20251005/19/237.body.txt,OK
238,2025-10-05 19:33:58,datalake/20251005/19/238.header.txt,datalake/20251005/19/238.body.txt,OK
239,2025-10-05 19:34:01,-,-,FAILED
240,2025-10-05 19:34:05,datalake/20251005/19/240.header.txt,datalake/20251005/19/240.body.txt,OK
241,2025-10-05 19:34:08,datalake/20251005/19/241.header.txt,datalake/20251005/19/241.body.txt,OK
242,2025-10-05 19:34:12,datalake/20251005/19/242.header.txt,datalake/20251005/19/242.body.txt,OK
243,2025-10-05 19:34:16,datalake/20251005/19/243.header.txt,datalake/20251005/19/243.body.txt,OK
244,2025-10-05 19:34:19,datalake/20251005/19/244.header.txt,datalake/20251005/19/244.body.txt,OK
245,2025-10-05 19:34:23,datalake/20251005/19/245.header.txt,datalake/20251005/19/245.body.txt,OK
246,2025-10-05 19:34:25,datalake/20251005/19/246.header.txt,datalake/20251005/19/246.body.txt,OK
247,2025-10-05 19:34:30,datalake/20251005/19/247.header.txt,datalake/20251005/19/247.body.txt,OK
248,2025-10-05 19:34:33,datalake/20251005/19/248.header.txt,datalake/20251005/19/248.body.txt,OK
249,2025-10-05 19:34:36,datalake/20251005/19/249.header.txt,datalake/20251005/19/249.body.txt,OK
250,2025-10-05 19:34:39,datalake/20251005/19/250.header.txt,datalake/20251005/19/250.body.txt,OK
251,2025-10-05 19:34:42,datalake/20251005/19/251.header.txt,datalake/20251005/19/251.body.txt,OK
252,2025-10-05 19:34:46,datalake/20251005/19/252.header.txt,datalake/20251005/19/252.body.txt,OK
253,2025-10-05 19:34:50,datalake/20251005/19/253.header.txt,datalake/20251005/19/253.body.txt,OK
254,2025-10-05 19:34:53,datalake/20251005/19/254.header.txt,datalake/20251005/19/254.body.txt,OK
255,2025-10-05 19:34:57,datalake/20251005/19/255.header.txt,datalake/20251005/19/255.body.txt,OK
256,2025-10-05 19:34:59,-,-,FAILED
257,2025-10-05 19:35:02,datalake/20251005/19/257.header.txt,datalake/20251005/19/257.body.txt,OK
258,2025-10-05 19:35:05,datalake/20251005/19/258.header.txt,datalake/20251005/19/258.body.txt,OK
259,2025-10-05 19:35:08,datalake/20251005/19/259.header.txt,datalake/20251005/19/259.body.txt,OK
260,2025-10-05 19:35:12,datalake/20251005/19/260.header.txt,datalake/20251005/19/260.body.txt,OK
261,2025-10-05 19:35:16,datalake/20251005/19/261.header.txt,datalake/20251005/19/261.body.txt,OK
262,2025-10-05 19:35:21,datalake/20251005/19/262.header.txt,datalake/20251005/19/262.body.txt,OK
263,2025-10-05 19:35:25,datalake/20251005/19/263.header.txt,datalake/20251005/19/263.body.txt,OK
264,2025-10-05 19:35:27,datalake/20251005/19/264.header.txt,datalake/20251005/19/264.body.txt,OK
265,2025-10-05 19:35:31,datalake/20251005/19/265.header.txt,datalake/20251005/19/265.body.txt,OK
266,2025-10-05 19:35:36,datalake/20251005/19/266.header.txt,datalake/20251005/19/266.body.txt,OK
267,2025-10-05 19:35:39,datalake/20251005/19/267.header.txt,datalake/20251005/19/267.body.txt,OK
268,2025-10-05 19:35:43,datalake/20251005/19/268.header.txt,datalake/20251005/19/268.body.txt,OK
269,2025-10-05 19:35:47,datalake/20251005/19/269.header.txt,datalake/20251005/19/269.body.txt,OK
270,2025-10-05 19:35:52,datalake/20251005/19/270.header.txt,datalake/20251005/19/270.body.txt,OK
271,2025-10-05 19:35:55,datalake/20251005/19/271.header.txt,datalake/20251005/19/271.body.txt,OK
272,2025-10-05 19:36:00,datalake/20251005/19/272.header.txt,datalake/20251005/19/272.body.txt,OK
273,2025-10-05 19:36:03,datalake/20251005/19/273.header.txt,datalake/20251005/19/273.body.txt,OK
274,2025-10-05 19:36:06,datalake/20251005/19/274.header.txt,datalake/20251005/19/274.body.txt,OK
275,2025-10-05 19:36:09,datalake/20251005/19/275.header.txt,datalake/20251005/19/275.body.txt,OK
276,2025-10-05 19:36:11,datalake/20251005/19/276.header.txt,datalake/20251005/19/276.body.txt,OK
277,2025-10-05 19:36:13,datalake/20251005/19/277.header.txt,datalake/20251005/19/277.body.txt,OK
278,2025-10-05 19:36:15,datalake/20251005/19/278.header.txt,datalake/20251005/19/278.body.txt,OK
279,2025-10-05 19:36:19,datalake/20251005/19/279.header.txt,datalake/20251005/19/279.body.txt,OK
280,2025-10-05 19:36:21,datalake/20251005/19/280.header.txt,datalake/20251005/19/280.body.txt,OK
281,2025-10-05 19:36:25,datalake/20251005/19/281.header.txt,datalake/20251005/19/281.body.txt,OK
282,2025-10-05 19:36:28,datalake/20251005/19/282.header.txt,datalake/20251005/19/282.body.txt,OK
283,2025-10-05 19:36:31,datalake/20251005/19/283.header.txt,datalake/20251005/19/283.body.txt,OK
284,2025-10-05 19:36:35,datalake/20251005/19/284.header.txt,datalake/20251005/19/284.body.txt,OK
285,2025-10-05 19:36:39,datalake/20251005/19/285.header.txt,datalake/20251005/19/285.body.txt,OK
286,2025-10-05 19:36:42,datalake/20251005/19/286.header.txt,datalake/20251005/19/286.body.txt,OK
287,2025-10-05 19:36:46,datalake/20251005/19/287.header.txt,datalake/20251005/19/287.body.txt,OK
288,2025-10-05 19:36:50,datalake/20251005/19/288.header.txt,datalake/20251005/19/288.body.txt,OK
289,2025-10-05 19:36:54,datalake/20251005/19/289.header.txt,datalake/20251005/19/289.body.txt,OK
290,2025-10-05 19:36:57,datalake/20251005/19/290.header.txt,datalake/20251005/19/290.body.txt,OK
291,2025-10-05 19:37:01,datalake/20251005/19/291.header.txt,datalake/20251005/19/291.body.txt,OK
292,2025-10-05 19:37:04,datalake/20251005/19/292.header.txt,datalake/20251005/19/292.body.txt,OK
293,2025-10-05 19:37:09,datalake/20251005/19/293.header.txt,datalake/20251005/19/293.body.txt,OK
294,2025-10-05 19:37:12,datalake/20251005/19/294.header.txt,datalake/20251005/19/294.body.txt,OK
295,2025-10-05 19:37:15,datalake/20251005/19/295.header.txt,datalake/20251005/19/295.body.txt,OK
296,2025-10-05 19:37:18,datalake/20251005/19/296.header.txt,datalake/20251005/19/296.body.txt,OK
297,2025-10-05 19:37:21,datalake/20251005/19/297.header.txt,datalake/20251005/19/297.body.txt,OK
298,2025-10-05 19:37:25,datalake/20251005/19/298.header.txt,datalake/20251005/19/298.body.txt,OK
299,2025-10-05 19:37:29,datalake/20251005/19/299.header.txt,datalake/20251005/19/299.body.txt,OK
300,2025-10-05 19:37:31,datalake/20251005/19/300.header.txt,datalake/20251005/19/300.body.txt,OK
301,2025-10-05 19:37:36,datalake/20251005/19/301.header.txt,datalake/20251005/19/301.body.txt,OK
302,2025-10-05 19:37:41,datalake/20251005/19/302.header.txt,datalake/20251005/19/302.body.txt,OK
303,2025-10-05 19:37:43,datalake/20251005/19/303.header.txt,datalake/20251005/19/303.body.txt,OK
304,2025-10-05 19:37:46,datalake/20251005/19/304.header.txt,datalake/20251005/19/304.body.txt,OK
305,2025-10-05 19:37:50,datalake/20251005/19/305.header.txt,datalake/20251005/19/305.body.txt,OK
306,2025-10-05 19:37:52,datalake/20251005/19/306.header.txt,datalake/20251005/19/306.body.txt,OK
307,2025-10-05 19:37:56,datalake/20251005/19/307.header.txt,datalake/20251005/19/307.body.txt,OK
308,2025-10-05 19:38:00,datalake/20251005/19/308.header.txt,datalake/20251005/19/308.body.txt,OK
309,2025-10-05 19:38:03,datalake/20251005/19/309.header.txt,datalake/20251005/19/309.body.txt,OK
310,2025-10-05 19:38:05,datalake/20251005/19/310.header.txt,datalake/20251005/19/310.body.txt,OK
311,2025-10-05 19:38:08,datalake/20251005/19/311.header.txt,datalake/20251005/19/311.body.txt,OK
312,2025-10-05 19:38:11,datalake/20251005/19/312.header.txt,datalake/20251005/19/312.body.txt,OK
313,2025-10-05 19:38:14,datalake/20251005/19/313.header.txt,datalake/20251005/19/313.body.txt,OK
314,2025-10-05 19:38:18,datalake/20251005/19/314.header.txt,datalake/20251005/19/314.body.txt,OK
315,2025-10-05 19:38:21,datalake/20251005/19/315.header.txt,datalake/20251005/19/315.body.txt,OK
316,2025-10-05 19:38:26,datalake/20251005/19/316.header.txt,datalake/20251005/19/316.body.txt,OK
317,2025-10-05 19:38:29,datalake/20251005/19/317.header.txt,datalake/20251005/19/317.body.txt,OK
318,2025-10-05 19:38:33,datalake/20251005/19/318.header.txt,datalake/20251005/19/318.body.txt,OK
319,2025-10-05 19:38:38,datalake/20251005/19/319.header.txt,datalake/20251005/19/319.body.txt,OK
320,2025-10-05 19:38:41,datalake/20251005/19/320.header.txt,datalake/20251005/19/320.body.txt,OK
321,2025-10-05 19:38:45,datalake/20251005/19/321.header.txt,datalake/20251005/19/321.body.txt,OK
322,2025-10-05 19:38:50,datalake/20251005/19/322.header.txt,datalake/20251005/19/322.body.txt,OK
323,2025-10-05 19:38:53,datalake/20251005/19/323.header.txt,datalake/20251005/19/323.body.txt,OK
324,2025-10-05 19:38:57,datalake/20251005/19/324.header.txt,datalake/20251005/19/324.body.txt,OK
325,2025-10-05 19:39:01,datalake/20251005/19/325.header.txt,datalake/20251005/19/325.body.txt,OK
326,2025-10-05 19:39:05,datalake/20251005/19/326.header.txt,datalake/20251005/19/326.body.txt,OK
327,2025-10-05 19:39:09,datalake/20251005/19/327.header.txt,datalake/20251005/19/327.body.txt,OK
328,2025-10-05 19:39:14,datalake/20251005/19/328.header.txt,datalake/20251005/19/328.body.txt,OK
